{"test_loss":0.3147919212177301,"test_accuracy":91.06,"_timestamp":1.7411163169722037e+09,"_runtime":1529.8731108,"_step":19,"_wandb":{"runtime":1529},"train_loss":0.15417724079035622,"train_accuracy":94.5}