{"num_params":2934858,"_runtime":103.6513541,"train_loss":1.0272681970730462,"test_loss":0.9297581193553415,"_timestamp":1.741773513773299e+09,"train_learning_rate":0.001,"test_accuracy":67.38,"_wandb":{"runtime":141},"_step":1,"train_accuracy":63.76,"num_operations":1.47362816e+08}