{"train_learning_rate":1e-05,"_wandb":{"runtime":2968},"_timestamp":1.741776886123454e+09,"num_operations":1.47362816e+08,"train_accuracy":92.654,"num_params":2934858,"test_accuracy":90.85,"_runtime":2968.7527818,"_step":49,"train_loss":0.2131608361306855,"test_loss":0.2846759337528496}