{"test_loss":0.3285874264065627,"test_accuracy":91.17,"_timestamp":1.7409210948378892e+09,"_runtime":2237.8831329,"_step":29,"train_loss":0.11728193075693857,"train_accuracy":95.84,"_wandb":{"runtime":2238}}