{"Num operations":2.0793856e+07,"_timestamp":1.7423791387367067e+09,"Train Accuracy":89.616,"Test Accuracy":88.44999999999999,"Learning Rate":0.0001,"_runtime":3092.0995493,"_wandb":{"runtime":3092},"Num params":394538,"Train Loss":0.2992914463000377,"Test Loss":0.34379323676323437,"_step":49}