{"_runtime":2665.558025,"Test Accuracy":90.49000000000001,"Num params":4903242,"_wandb":{"runtime":2665},"Test Loss":0.29332235460258593,"Num operations":2.54907392e+08,"Train Loss":0.21852018698916564,"_step":49,"_timestamp":1.7421372610204391e+09,"Train Accuracy":92.498,"Learning Rate":1.0000000000000002e-07}